fold,FM
1,385.983307
2,435.227208
3,373.138628
4,395.083873
5,404.006174
