fold,HybridSVD
1,5.503744574263692
2,14.160287438891828
3,5.4455069825053215
4,4.581602582708001
5,5.03176885843277
