features_weight,HybridSVD
0.1,123.42778195720166
0.3,115.5875008488074
0.5,116.93724516220391
0.7,115.43213537055999
0.9,125.51368496753275
