fold,HybridSVD
1,3.3046916811726987
2,3.1477865031920373
3,3.314344117883593
4,3.311218875925988
5,3.2976449890993536
