fold,LCE
1,29.30414951685816
2,31.107372897677124
3,31.31949868425727
4,27.862463146448135
5,32.6629917928949
