fold,PureSVDs
1,0.7485134999999445
2,0.7890892999998869
3,0.7474217000001318
4,0.6971806000001379
5,0.8779627999999775
