col_scaling,PureSVDs
0.2,44.1772429
0.4,31.162815799999997
0.6,30.283869100000004
