fold,HybridSVDs
1,6.290031100001215
2,6.476249800001824
3,7.227221199998894
4,7.53665170000022
5,6.834697099999175
