features_weight,HybridSVDs
0.1,57.219726499999524
0.3,58.0065596000004
0.5,56.4081685000001
0.7,56.24288290000004
0.9,57.06640320000042
