fold,SGD
1,125.453254
2,123.141771
3,120.250745
4,121.86215
5,123.749733
