fold,FM
1,669.993577
2,675.93963
3,651.74629
4,652.028626
5,653.009952
