fold,HybridSVD
1,1044.2684816261753
2,1052.8426075605676
3,1093.565210335888
4,1096.612023819238
5,1104.077479626052
