features_weight,HybridSVD
0.1,2925.884856647812
0.3,3072.5220855865628
0.5,3115.139981101267
0.7,3252.4095497587696
0.9,3042.6555373398587
