fold,LCE
1,76.95409251656383
2,76.6221510078758
3,76.89095690194517
4,77.43366785719991
5,78.50689361337572
