features_weight,HybridSVDs
0.1,7804.2782711572945
0.3,8247.78773875907
0.5,7434.080866085365
0.7,8487.353081779554
0.9,6849.94733771123
