col_scaling,PureSVDs
0.2,2776.51739070192
0.4,2727.629172003828
0.6,2215.976381187327
