fold,HybridSVDs
1,8328.67808019463
2,6813.675319107249
3,8024.223004539497
4,7285.033567856997
5,6997.0126081854105
