fold,PureSVDs
1,2820.2959220698103
2,2846.402494043112
3,2898.011024643667
4,2722.4528889739886
5,2797.5403443509713
