fold,SGD
1,338.002097
2,345.260056
3,342.18626
4,342.369475
5,345.975128
