fold,LCE
1,7570.886586517096
2,7531.521991092712
3,7572.50511437282
4,7981.750015908852
5,8081.098497528583
