fold,FM
1,542.871427
2,577.317285
3,502.283827
4,533.395283
5,570.862223
