rank,FM
1,480.030552
10,7274.22378
100,1878.950479
500,833.867108
1000,14258.726614
2000,23309.675492
3000,5059.674212
