rank,FM
1,0.0026242886069120326
10,0.00220727554065441
100,0.0020948555920278005
500,0.002224817779720651
1000,0.001838205478816391
2000,0.0012657733785571821
3000,0.0016203477830209342
