features_weight,HybridSVD
0.1,13334.626087824814
0.3,14021.789776767604
0.5,15391.574505373836
0.7,10539.026603091508
0.9,7436.002418146469
