fold,HybridSVD
1,11433.873115918599
2,12029.481946643442
3,7414.889887613244
4,9466.858246559277
5,14851.756866149604
