fold,LCE
1,20550.837268464267
2,22742.935479201842
3,20611.344475544058
4,20787.12333090417
5,20337.969530480914
