fold,PureSVDs
1,6969.443732755259
2,7079.720192329958
3,6765.97600592114
4,6556.398179899901
5,7004.575255196542
