fold,HybridSVDs
1,9383.711873270106
2,9389.55621346645
3,9582.358401602134
4,9621.687557009049
5,10798.523819940165
