col_scaling,PureSVDs
0.2,7566.1887571029365
0.4,8411.022696120664
0.6,8776.409389175475
