features_weight,HybridSVDs
0.1,10337.019325220026
0.3,9895.075888710096
0.5,9513.087932273746
0.7,9591.775605109055
0.9,6967.530693501234
