rank,SGD
1,0.00492586723495715
10,0.033109317422587554
100,0.023865728362873248
500,0.01366462361380533
1000,0.03370417062939125
2000,0.03504082853144354
3000,0.029354139860000353
