fold,SGD
1,4638.453137
2,4709.713673
3,4636.571006
4,4551.803793
5,4611.92543
