rank,SGD
1,605.109236
10,2553.304334
100,1143.546614
500,757.761916
1000,3239.512558
2000,4771.018949
3000,1706.237449
