fold,FM
1,3467.93848
2,3503.724193
3,3500.91965
4,3455.960918
5,3515.946577
