features_weight,HybridSVD
0.1,977.1915779532865
0.3,949.3741029920056
0.5,928.3439600765705
0.7,1058.2749324757606
0.9,925.1567084016278
