fold,HybridSVD
1,35.30938341561705
2,30.689038612879813
3,36.344774953089654
4,38.82003791164607
5,32.33147644717246
