fold,HybridSVD
1,17.127270030323416
2,17.490717817097902
3,18.14999090693891
4,18.553243604954332
5,19.276245017070323
