fold,LCE
1,1347.3927025012672
2,1352.0423751641065
3,1347.3154121441767
4,1361.0119837410748
5,1360.8678367128596
