fold,PureSVDs
1,173.63652950000005
2,175.4055624
3,172.13401610000028
4,175.74075940000012
5,177.7543026999997
