col_scaling,PureSVDs
0.2,197.61631300000002
0.4,211.90366450000005
0.6,151.12124870000002
