fold,HybridSVDs
1,575.9351518000003
2,546.6972748000007
3,545.7724589999998
4,581.6980567999999
5,587.6544555
