features_weight,HybridSVDs
0.1,493.03481499999907
0.3,580.7320022000004
0.5,572.164213
0.7,576.0907719999996
0.9,567.4342577000007
