fold,SGD
1,842.590084
2,869.476024
3,863.960827
4,832.14133
5,810.259589
