fold,FM
1,86.757721
2,91.686598
3,98.446936
4,93.52007
5,94.124069
