fold,HybridSVD
1,7.547348708845675
2,8.363877394236624
3,7.1002237210050225
4,7.311793064698577
5,7.483587545342743
