features_weight,HybridSVD
0.1,323.7383845373988
0.3,318.68406250327826
0.5,318.37254810426384
0.7,321.3547906447202
0.9,318.8632358070463
