fold,LCE
1,332.6777941714972
2,351.02532260864973
3,369.49678941629827
4,375.00468093529344
5,379.32800011429936
