fold,PureSVDs
1,2.829167766496539
2,2.9426079308614135
3,3.1462572468444705
4,2.8535823551937938
5,2.8733010916039348
