fold,HybridSVDs
1,45.19036802183837
2,42.67938116751611
3,25.766638606786728
4,40.42643109802157
5,40.19209611322731
