col_scaling,PureSVDs
0.2,223.06683647353202
0.4,222.41009408328682
0.6,225.2921038037166
