features_weight,HybridSVDs
0.1,72.51869803387672
0.3,66.09554658085108
0.5,66.4139784919098
0.7,68.5053431475535
0.9,80.92904387880117
