fold,SGD
1,41.257537
2,41.915216
3,40.604694
4,40.999548
5,41.227674
