fold,FM
1,167.640763
2,85.020693
3,150.800551
4,159.87234
5,93.564186
