features_weight,HybridSVD
0.1,447.28007498569787
0.3,428.65471355151385
0.5,450.79568543843925
0.7,427.2551274271682
0.9,458.5219230148941
