fold,HybridSVD
1,238.69258721359074
2,219.89298372343183
3,181.53828148916364
4,474.9684378653765
5,488.94403192866594
