fold,HybridSVD
1,99.72552504809573
2,101.24903560709208
3,92.69382312987
4,93.06106407102197
5,97.29715770110488
