fold,LCE
1,470.92075440473855
2,483.6779766380787
3,489.18382983468473
4,482.2388077098876
5,486.41935451421887
