fold,PureSVDs
1,71.95419570000013
2,72.4164708000003
3,72.26909019999994
4,72.63740770000004
5,71.70008850000022
