col_scaling,PureSVDs
0.2,218.42434070000002
0.4,223.21114699999998
0.6,219.92164879999996
