features_weight,HybridSVDs
0.1,333.60817390000193
0.3,362.1520281000012
0.5,369.36121730000013
0.7,366.2577287999993
0.9,375.4740023999984
