fold,HybridSVDs
1,285.64050750000024
2,287.02131219999865
3,295.52699179999763
4,290.8364868999997
5,291.84007049999855
