fold,SGD
1,76.427479
2,75.906028
3,76.590308
4,76.40089
5,77.224801
